{
  "createdAt": "2026-03-14T14:25:39.502Z",
  "config": {
    "leagues": null,
    "maxOdds": 2,
    "minEdge": 0.07,
    "markets": null,
    "noDraws": true,
    "tedMode": true,
    "varianceFilter": true,
    "congestionFilter": true,
    "defianceFilter": true,
    "gkAdjust": false,
    "reportEdge": 0.05
  },
  "summary": {
    "totalBets": 1445,
    "roi": 0.015508650519031116,
    "clv": 0.11025939877770215,
    "hitRate": 0.558477508650519,
    "profit": 22.40999999999996,
    "avgOdds": 1.8330103806228395
  },
  "byLeague": {
    "epl": {
      "n": 295,
      "roi": -0.026237288135593232,
      "clv": 0.1090458234232447,
      "hitRate": 0.5288135593220339,
      "profit": -7.740000000000004
    },
    "la-liga": {
      "n": 289,
      "roi": 0.10498269896193771,
      "clv": 0.11168137801450503,
      "hitRate": 0.6124567474048442,
      "profit": 30.339999999999996
    },
    "bundesliga": {
      "n": 220,
      "roi": -0.04981818181818182,
      "clv": 0.10741859755328764,
      "hitRate": 0.5272727272727272,
      "profit": -10.959999999999999
    },
    "serie-a": {
      "n": 322,
      "roi": 0.04785714285714281,
      "clv": 0.1101070880327339,
      "hitRate": 0.577639751552795,
      "profit": 15.409999999999986
    },
    "serie-b": {
      "n": 319,
      "roi": -0.014545454545454556,
      "clv": 0.1122063362679217,
      "hitRate": 0.5391849529780565,
      "profit": -4.640000000000003
    }
  }
}