{
  "createdAt": "2026-03-14T14:25:37.333Z",
  "config": {
    "leagues": null,
    "maxOdds": 2,
    "minEdge": 0.07,
    "markets": null,
    "noDraws": true,
    "tedMode": true,
    "varianceFilter": true,
    "congestionFilter": true,
    "defianceFilter": true,
    "gkAdjust": false,
    "reportEdge": 0.05
  },
  "summary": {
    "totalBets": 1343,
    "roi": 0.017192851824274005,
    "clv": 0.11045767600680101,
    "hitRate": 0.5591958302308265,
    "profit": 23.08999999999999,
    "avgOdds": 1.8322933730454238
  },
  "byLeague": {
    "epl": {
      "n": 273,
      "roi": -0.0035897435897435962,
      "clv": 0.10927569552014238,
      "hitRate": 0.5384615384615384,
      "profit": -0.9800000000000018
    },
    "la-liga": {
      "n": 266,
      "roi": 0.09349624060150385,
      "clv": 0.112701114109227,
      "hitRate": 0.6052631578947368,
      "profit": 24.870000000000026
    },
    "bundesliga": {
      "n": 216,
      "roi": -0.060046296296296264,
      "clv": 0.1066440887452412,
      "hitRate": 0.5231481481481481,
      "profit": -12.969999999999994
    },
    "serie-a": {
      "n": 297,
      "roi": 0.030942760942760935,
      "clv": 0.11075008361246994,
      "hitRate": 0.569023569023569,
      "profit": 9.189999999999998
    },
    "serie-b": {
      "n": 291,
      "roi": 0.010240549828178692,
      "clv": 0.11204810874640907,
      "hitRate": 0.5532646048109966,
      "profit": 2.9799999999999995
    }
  }
}