{
  "createdAt": "2026-03-14T14:25:36.268Z",
  "config": {
    "leagues": null,
    "maxOdds": 2,
    "minEdge": 0.07,
    "markets": null,
    "noDraws": true,
    "tedMode": true,
    "varianceFilter": true,
    "congestionFilter": true,
    "defianceFilter": true,
    "gkAdjust": false,
    "reportEdge": 0.05
  },
  "summary": {
    "totalBets": 1417,
    "roi": 0.018842625264643604,
    "clv": 0.1100592801676911,
    "hitRate": 0.5596330275229358,
    "profit": 26.69999999999999,
    "avgOdds": 1.8345942131263258
  },
  "byLeague": {
    "epl": {
      "n": 291,
      "roi": -0.018659793814432987,
      "clv": 0.10905621360822969,
      "hitRate": 0.5326460481099656,
      "profit": -5.43
    },
    "la-liga": {
      "n": 287,
      "roi": 0.09686411149825785,
      "clv": 0.11181232406900889,
      "hitRate": 0.6062717770034843,
      "profit": 27.800000000000004
    },
    "bundesliga": {
      "n": 207,
      "roi": -0.05449275362318842,
      "clv": 0.10791151785864997,
      "hitRate": 0.5265700483091788,
      "profit": -11.280000000000003
    },
    "serie-a": {
      "n": 314,
      "roi": 0.05474522292993624,
      "clv": 0.10965673984172135,
      "hitRate": 0.5796178343949044,
      "profit": 17.18999999999998
    },
    "serie-b": {
      "n": 318,
      "roi": -0.004968553459119506,
      "clv": 0.11119057963137409,
      "hitRate": 0.5440251572327044,
      "profit": -1.580000000000003
    }
  }
}