{
  "createdAt": "2026-03-14T14:25:34.274Z",
  "config": {
    "leagues": null,
    "maxOdds": 2,
    "minEdge": 0.07,
    "markets": null,
    "noDraws": true,
    "tedMode": true,
    "varianceFilter": true,
    "congestionFilter": true,
    "defianceFilter": true,
    "gkAdjust": false,
    "reportEdge": 0.05
  },
  "summary": {
    "totalBets": 1312,
    "roi": 0.018551829268292668,
    "clv": 0.11036857103811339,
    "hitRate": 0.5594512195121951,
    "profit": 24.33999999999998,
    "avgOdds": 1.8336737804878074
  },
  "byLeague": {
    "epl": {
      "n": 266,
      "roi": 0.0037218045112781912,
      "clv": 0.10956007615088276,
      "hitRate": 0.5413533834586466,
      "profit": 0.9899999999999989
    },
    "la-liga": {
      "n": 252,
      "roi": 0.09809523809523814,
      "clv": 0.11286204665947903,
      "hitRate": 0.6071428571428571,
      "profit": 24.72000000000001
    },
    "bundesliga": {
      "n": 210,
      "roi": -0.04395238095238095,
      "clv": 0.10739646620720786,
      "hitRate": 0.5333333333333333,
      "profit": -9.23
    },
    "serie-a": {
      "n": 290,
      "roi": 0.02072413793103449,
      "clv": 0.1095544745871613,
      "hitRate": 0.5620689655172414,
      "profit": 6.010000000000002
    },
    "serie-b": {
      "n": 294,
      "roi": 0.006292517006802712,
      "clv": 0.11188875392479891,
      "hitRate": 0.5510204081632653,
      "profit": 1.8499999999999974
    }
  }
}