{
  "createdAt": "2026-03-14T14:25:35.289Z",
  "config": {
    "leagues": null,
    "maxOdds": 2,
    "minEdge": 0.07,
    "markets": null,
    "noDraws": true,
    "tedMode": true,
    "varianceFilter": true,
    "congestionFilter": true,
    "defianceFilter": true,
    "gkAdjust": false,
    "reportEdge": 0.05
  },
  "summary": {
    "totalBets": 1397,
    "roi": 0.013350035790980671,
    "clv": 0.1102799729649649,
    "hitRate": 0.556907659269864,
    "profit": 18.65,
    "avgOdds": 1.8326485325697943
  },
  "byLeague": {
    "epl": {
      "n": 279,
      "roi": -0.013297491039426543,
      "clv": 0.10873526176861109,
      "hitRate": 0.5340501792114696,
      "profit": -3.7100000000000057
    },
    "la-liga": {
      "n": 274,
      "roi": 0.09489051094890515,
      "clv": 0.11200513848713635,
      "hitRate": 0.6058394160583942,
      "profit": 26.00000000000001
    },
    "bundesliga": {
      "n": 217,
      "roi": -0.019354838709677434,
      "clv": 0.10937149096194579,
      "hitRate": 0.543778801843318,
      "profit": -4.200000000000003
    },
    "serie-a": {
      "n": 312,
      "roi": 0.03493589743589741,
      "clv": 0.10862861081386622,
      "hitRate": 0.5705128205128205,
      "profit": 10.899999999999991
    },
    "serie-b": {
      "n": 315,
      "roi": -0.032825396825396876,
      "clv": 0.11240900362053859,
      "hitRate": 0.5301587301587302,
      "profit": -10.340000000000016
    }
  }
}