{
  "createdAt": "2026-03-14T14:25:38.402Z",
  "config": {
    "leagues": null,
    "maxOdds": 2,
    "minEdge": 0.07,
    "markets": null,
    "noDraws": true,
    "tedMode": true,
    "varianceFilter": true,
    "congestionFilter": true,
    "defianceFilter": true,
    "gkAdjust": false,
    "reportEdge": 0.05
  },
  "summary": {
    "totalBets": 1427,
    "roi": 0.007932725998598423,
    "clv": 0.1103292136195013,
    "hitRate": 0.5543097407147862,
    "profit": 11.319999999999949,
    "avgOdds": 1.8311212333566944
  },
  "byLeague": {
    "epl": {
      "n": 283,
      "roi": -0.013780918727915212,
      "clv": 0.10876074455215316,
      "hitRate": 0.5335689045936396,
      "profit": -3.9000000000000052
    },
    "la-liga": {
      "n": 277,
      "roi": 0.10761732851985557,
      "clv": 0.11167861336708956,
      "hitRate": 0.6137184115523465,
      "profit": 29.809999999999995
    },
    "bundesliga": {
      "n": 230,
      "roi": -0.04160869565217397,
      "clv": 0.10863654509870645,
      "hitRate": 0.5304347826086957,
      "profit": -9.570000000000013
    },
    "serie-a": {
      "n": 319,
      "roi": 0.015830721003134787,
      "clv": 0.10955503316058407,
      "hitRate": 0.5611285266457681,
      "profit": 5.049999999999997
    },
    "serie-b": {
      "n": 318,
      "roi": -0.03166666666666673,
      "clv": 0.11255050400363656,
      "hitRate": 0.5314465408805031,
      "profit": -10.07000000000002
    }
  }
}