{
  "createdAt": "2026-03-14T14:26:10.404Z",
  "config": {
    "leagues": null,
    "maxOdds": 2,
    "minEdge": 0.07,
    "markets": null,
    "noDraws": true,
    "tedMode": true,
    "varianceFilter": true,
    "congestionFilter": true,
    "defianceFilter": true,
    "gkAdjust": false,
    "reportEdge": 0.05
  },
  "summary": {
    "totalBets": 758,
    "roi": -0.004063324538258587,
    "clv": 0.10955083107705522,
    "hitRate": 0.5554089709762533,
    "profit": -3.080000000000009,
    "avgOdds": 1.7976253298153058
  },
  "byLeague": {
    "epl": {
      "n": 147,
      "roi": 0.004081632653061213,
      "clv": 0.10591291789026148,
      "hitRate": 0.5374149659863946,
      "profit": 0.5999999999999983
    },
    "la-liga": {
      "n": 144,
      "roi": 0.021180555555555522,
      "clv": 0.1103858075114364,
      "hitRate": 0.5763888888888888,
      "profit": 3.049999999999995
    },
    "bundesliga": {
      "n": 106,
      "roi": 0.03216981132075472,
      "clv": 0.10842837764920495,
      "hitRate": 0.5849056603773585,
      "profit": 3.41
    },
    "serie-a": {
      "n": 196,
      "roi": 0.024744897959183693,
      "clv": 0.10890212417647673,
      "hitRate": 0.5714285714285714,
      "profit": 4.850000000000004
    },
    "serie-b": {
      "n": 165,
      "roi": -0.09084848484848485,
      "clv": 0.11355485076052987,
      "hitRate": 0.5151515151515151,
      "profit": -14.989999999999998
    }
  }
}