{
  "createdAt": "2026-03-14T14:26:07.096Z",
  "config": {
    "leagues": null,
    "maxOdds": 2,
    "minEdge": 0.07,
    "markets": null,
    "noDraws": true,
    "tedMode": true,
    "varianceFilter": true,
    "congestionFilter": true,
    "defianceFilter": true,
    "gkAdjust": false,
    "reportEdge": 0.05
  },
  "summary": {
    "totalBets": 1223,
    "roi": 0.025838103025347493,
    "clv": 0.10687876311759617,
    "hitRate": 0.552739165985282,
    "profit": 31.599999999999984,
    "avgOdds": 1.8299345870809542
  },
  "byLeague": {
    "epl": {
      "n": 260,
      "roi": -0.022115384615384644,
      "clv": 0.10516841677045562,
      "hitRate": 0.5153846153846153,
      "profit": -5.750000000000007
    },
    "la-liga": {
      "n": 235,
      "roi": 0.07970212765957445,
      "clv": 0.10783245167273302,
      "hitRate": 0.5914893617021276,
      "profit": 18.729999999999997
    },
    "bundesliga": {
      "n": 181,
      "roi": 0.017458563535911596,
      "clv": 0.10499840692420827,
      "hitRate": 0.5580110497237569,
      "profit": 3.159999999999999
    },
    "serie-a": {
      "n": 284,
      "roi": 0.046549295774647885,
      "clv": 0.10683465911256225,
      "hitRate": 0.5598591549295775,
      "profit": 13.219999999999999
    },
    "serie-b": {
      "n": 263,
      "roi": 0.008517110266159693,
      "clv": 0.10905915569642605,
      "hitRate": 0.5437262357414449,
      "profit": 2.2399999999999993
    }
  }
}