{
  "createdAt": "2026-03-14T14:26:09.333Z",
  "config": {
    "leagues": null,
    "maxOdds": 2,
    "minEdge": 0.07,
    "markets": null,
    "noDraws": true,
    "tedMode": true,
    "varianceFilter": true,
    "congestionFilter": true,
    "defianceFilter": true,
    "gkAdjust": false,
    "reportEdge": 0.05
  },
  "summary": {
    "totalBets": 885,
    "roi": 0.009796610169491512,
    "clv": 0.10737905569913692,
    "hitRate": 0.5559322033898305,
    "profit": 8.669999999999987,
    "avgOdds": 1.8129491525423784
  },
  "byLeague": {
    "epl": {
      "n": 174,
      "roi": -0.004482758620689675,
      "clv": 0.1051119944499987,
      "hitRate": 0.5287356321839081,
      "profit": -0.7800000000000034
    },
    "la-liga": {
      "n": 172,
      "roi": 0.019941860465116274,
      "clv": 0.10734873903303442,
      "hitRate": 0.5697674418604651,
      "profit": 3.4299999999999993
    },
    "bundesliga": {
      "n": 131,
      "roi": 0.05961832061068701,
      "clv": 0.10459741122806962,
      "hitRate": 0.5877862595419847,
      "profit": 7.809999999999999
    },
    "serie-a": {
      "n": 219,
      "roi": 0.07410958904109587,
      "clv": 0.10739244679867037,
      "hitRate": 0.589041095890411,
      "profit": 16.229999999999993
    },
    "serie-b": {
      "n": 189,
      "roi": -0.09534391534391536,
      "clv": 0.11140628267708291,
      "hitRate": 0.5079365079365079,
      "profit": -18.020000000000003
    }
  }
}