{
  "createdAt": "2026-03-14T14:26:08.278Z",
  "config": {
    "leagues": null,
    "maxOdds": 2,
    "minEdge": 0.07,
    "markets": null,
    "noDraws": true,
    "tedMode": true,
    "varianceFilter": true,
    "congestionFilter": true,
    "defianceFilter": true,
    "gkAdjust": false,
    "reportEdge": 0.05
  },
  "summary": {
    "totalBets": 1066,
    "roi": 0.01693245778611632,
    "clv": 0.10580214169251283,
    "hitRate": 0.551594746716698,
    "profit": 18.049999999999997,
    "avgOdds": 1.8236397748592936
  },
  "byLeague": {
    "epl": {
      "n": 216,
      "roi": -0.06254629629629631,
      "clv": 0.10409703712297844,
      "hitRate": 0.49537037037037035,
      "profit": -13.510000000000002
    },
    "la-liga": {
      "n": 213,
      "roi": 0.07323943661971831,
      "clv": 0.10515324179890755,
      "hitRate": 0.5915492957746479,
      "profit": 15.6
    },
    "bundesliga": {
      "n": 155,
      "roi": 0.03935483870967743,
      "clv": 0.10424020941552356,
      "hitRate": 0.5741935483870968,
      "profit": 6.100000000000001
    },
    "serie-a": {
      "n": 254,
      "roi": 0.03956692913385827,
      "clv": 0.10605322135272968,
      "hitRate": 0.5590551181102362,
      "profit": 10.05
    },
    "serie-b": {
      "n": 228,
      "roi": -0.0008333333333333088,
      "clv": 0.10880584140126583,
      "hitRate": 0.543859649122807,
      "profit": -0.1899999999999944
    }
  }
}