{
  "createdAt": "2026-03-14T14:26:11.494Z",
  "config": {
    "leagues": null,
    "maxOdds": 2,
    "minEdge": 0.07,
    "markets": null,
    "noDraws": true,
    "tedMode": true,
    "varianceFilter": true,
    "congestionFilter": true,
    "defianceFilter": true,
    "gkAdjust": false,
    "reportEdge": 0.05
  },
  "summary": {
    "totalBets": 661,
    "roi": -0.010045385779122581,
    "clv": 0.11318548991907444,
    "hitRate": 0.5597579425113465,
    "profit": -6.640000000000026,
    "avgOdds": 1.7827382753403953
  },
  "byLeague": {
    "epl": {
      "n": 119,
      "roi": 0.0472268907563025,
      "clv": 0.11091303600490755,
      "hitRate": 0.5714285714285714,
      "profit": 5.619999999999997
    },
    "la-liga": {
      "n": 123,
      "roi": 0.07975609756097558,
      "clv": 0.11492710669264158,
      "hitRate": 0.6178861788617886,
      "profit": 9.809999999999997
    },
    "bundesliga": {
      "n": 93,
      "roi": 0.0061290322580644955,
      "clv": 0.1123960511671036,
      "hitRate": 0.5806451612903226,
      "profit": 0.5699999999999981
    },
    "serie-a": {
      "n": 176,
      "roi": -0.010397727272727282,
      "clv": 0.11177536655292043,
      "hitRate": 0.5568181818181818,
      "profit": -1.8300000000000016
    },
    "serie-b": {
      "n": 150,
      "roi": -0.1387333333333333,
      "clv": 0.11570417437916466,
      "hitRate": 0.49333333333333335,
      "profit": -20.809999999999995
    }
  }
}