{
  "createdAt": "2026-03-14T11:30:48.412Z",
  "config": {
    "leagues": null,
    "maxOdds": 2,
    "minEdge": 0.07,
    "markets": null,
    "noDraws": true,
    "tedMode": true,
    "varianceFilter": true,
    "congestionFilter": true,
    "defianceFilter": true,
    "gkAdjust": false,
    "reportEdge": 0.05
  },
  "summary": {
    "totalBets": 775,
    "roi": 0.03378064516129029,
    "clv": 0.10657735179062286,
    "hitRate": 0.56,
    "profit": 26.17999999999998,
    "avgOdds": 1.857664516129038
  },
  "byLeague": {
    "epl": {
      "n": 197,
      "roi": 0.015888324873096417,
      "clv": 0.10730519750590878,
      "hitRate": 0.5431472081218274,
      "profit": 3.129999999999994
    },
    "la-liga": {
      "n": 205,
      "roi": 0.07917073170731707,
      "clv": 0.10781213265631019,
      "hitRate": 0.5853658536585366,
      "profit": 16.23
    },
    "bundesliga": {
      "n": 149,
      "roi": -0.00214765100671142,
      "clv": 0.10402930378219115,
      "hitRate": 0.5436241610738255,
      "profit": -0.3200000000000016
    },
    "serie-a": {
      "n": 224,
      "roi": 0.03187499999999997,
      "clv": 0.10650209942401154,
      "hitRate": 0.5625,
      "profit": 7.1399999999999935
    }
  }
}