{
  "createdAt": "2026-03-14T11:30:47.544Z",
  "config": {
    "leagues": null,
    "maxOdds": 2,
    "minEdge": 0.07,
    "markets": null,
    "noDraws": true,
    "tedMode": true,
    "varianceFilter": true,
    "congestionFilter": true,
    "defianceFilter": true,
    "gkAdjust": false,
    "reportEdge": 0.05
  },
  "summary": {
    "totalBets": 663,
    "roi": 0.030331825037707386,
    "clv": 0.10432721544155471,
    "hitRate": 0.555052790346908,
    "profit": 20.109999999999996,
    "avgOdds": 1.8653092006033212
  },
  "byLeague": {
    "epl": {
      "n": 172,
      "roi": 0.02261627906976744,
      "clv": 0.10482790195671533,
      "hitRate": 0.5465116279069767,
      "profit": 3.89
    },
    "la-liga": {
      "n": 176,
      "roi": 0.07414772727272727,
      "clv": 0.10539857527459963,
      "hitRate": 0.5795454545454546,
      "profit": 13.049999999999999
    },
    "bundesliga": {
      "n": 126,
      "roi": -0.005873015873015871,
      "clv": 0.10181717704089957,
      "hitRate": 0.5396825396825397,
      "profit": -0.7399999999999998
    },
    "serie-a": {
      "n": 189,
      "roi": 0.02068783068783068,
      "clv": 0.1045472547392217,
      "hitRate": 0.5502645502645502,
      "profit": 3.9099999999999984
    }
  }
}