{
  "createdAt": "2026-03-14T14:25:20.092Z",
  "config": {
    "leagues": null,
    "maxOdds": 2,
    "minEdge": 0.07,
    "markets": null,
    "noDraws": true,
    "tedMode": true,
    "varianceFilter": true,
    "congestionFilter": true,
    "defianceFilter": true,
    "gkAdjust": false,
    "reportEdge": 0.05
  },
  "summary": {
    "totalBets": 490,
    "roi": -0.054897959183673475,
    "clv": 0.11192201651118523,
    "hitRate": 0.5183673469387755,
    "profit": -26.900000000000002,
    "avgOdds": 1.8318775510204088
  },
  "byLeague": {
    "epl": {
      "n": 107,
      "roi": -0.11635514018691594,
      "clv": 0.11092829618923034,
      "hitRate": 0.4766355140186916,
      "profit": -12.450000000000005
    },
    "la-liga": {
      "n": 96,
      "roi": 0.06604166666666662,
      "clv": 0.11191073607992119,
      "hitRate": 0.59375,
      "profit": 6.339999999999995
    },
    "bundesliga": {
      "n": 81,
      "roi": -0.11493827160493826,
      "clv": 0.11240400496075827,
      "hitRate": 0.48148148148148145,
      "profit": -9.309999999999999
    },
    "serie-a": {
      "n": 97,
      "roi": -0.06773195876288665,
      "clv": 0.109084248639253,
      "hitRate": 0.5154639175257731,
      "profit": -6.570000000000005
    },
    "serie-b": {
      "n": 109,
      "roi": -0.04504587155963303,
      "clv": 0.11507461664891441,
      "hitRate": 0.5229357798165137,
      "profit": -4.91
    }
  }
}