{
  "createdAt": "2026-03-14T14:25:19.049Z",
  "config": {
    "leagues": null,
    "maxOdds": 2,
    "minEdge": 0.07,
    "markets": null,
    "noDraws": true,
    "tedMode": true,
    "varianceFilter": true,
    "congestionFilter": true,
    "defianceFilter": true,
    "gkAdjust": false,
    "reportEdge": 0.05
  },
  "summary": {
    "totalBets": 663,
    "roi": -0.026108597285067894,
    "clv": 0.11121661954424755,
    "hitRate": 0.5339366515837104,
    "profit": -17.310000000000013,
    "avgOdds": 1.8351282051282083
  },
  "byLeague": {
    "epl": {
      "n": 146,
      "roi": -0.06424657534246574,
      "clv": 0.10975826376138698,
      "hitRate": 0.5068493150684932,
      "profit": -9.379999999999997
    },
    "la-liga": {
      "n": 132,
      "roi": 0.0845454545454545,
      "clv": 0.11297889559802625,
      "hitRate": 0.5984848484848485,
      "profit": 11.159999999999993
    },
    "bundesliga": {
      "n": 115,
      "roi": -0.12730434782608693,
      "clv": 0.11104344888060762,
      "hitRate": 0.4782608695652174,
      "profit": -14.639999999999997
    },
    "serie-a": {
      "n": 125,
      "roi": -0.02600000000000003,
      "clv": 0.1093828100499187,
      "hitRate": 0.536,
      "profit": -3.2500000000000036
    },
    "serie-b": {
      "n": 145,
      "roi": -0.008275862068965559,
      "clv": 0.11279896656706448,
      "hitRate": 0.5448275862068965,
      "profit": -1.2000000000000062
    }
  }
}