{
  "createdAt": "2026-03-14T14:25:16.921Z",
  "config": {
    "leagues": null,
    "maxOdds": 2,
    "minEdge": 0.07,
    "markets": null,
    "noDraws": true,
    "tedMode": true,
    "varianceFilter": true,
    "congestionFilter": true,
    "defianceFilter": true,
    "gkAdjust": false,
    "reportEdge": 0.05
  },
  "summary": {
    "totalBets": 1119,
    "roi": 0.015290437890974071,
    "clv": 0.11014113446345013,
    "hitRate": 0.5567470956210903,
    "profit": 17.109999999999985,
    "avgOdds": 1.834003574620203
  },
  "byLeague": {
    "epl": {
      "n": 223,
      "roi": -0.03224215246636774,
      "clv": 0.10864187008034012,
      "hitRate": 0.5201793721973094,
      "profit": -7.190000000000007
    },
    "la-liga": {
      "n": 213,
      "roi": 0.12070422535211268,
      "clv": 0.113069223062607,
      "hitRate": 0.6197183098591549,
      "profit": 25.71
    },
    "bundesliga": {
      "n": 183,
      "roi": -0.009726775956284144,
      "clv": 0.11069506805839263,
      "hitRate": 0.546448087431694,
      "profit": -1.7799999999999985
    },
    "serie-a": {
      "n": 238,
      "roi": 0.050420168067226864,
      "clv": 0.10881430351199557,
      "hitRate": 0.5756302521008403,
      "profit": 11.999999999999993
    },
    "serie-b": {
      "n": 262,
      "roi": -0.04438931297709927,
      "clv": 0.10985513829698018,
      "hitRate": 0.5267175572519084,
      "profit": -11.630000000000008
    }
  }
}