{
  "createdAt": "2026-03-14T14:25:56.975Z",
  "config": {
    "leagues": null,
    "maxOdds": 2,
    "minEdge": 0.07,
    "markets": null,
    "noDraws": true,
    "tedMode": true,
    "varianceFilter": true,
    "congestionFilter": true,
    "defianceFilter": true,
    "gkAdjust": false,
    "reportEdge": 0.05
  },
  "summary": {
    "totalBets": 1398,
    "roi": 0.02596566523605152,
    "clv": 0.11035242107015206,
    "hitRate": 0.5629470672389127,
    "profit": 36.300000000000026,
    "avgOdds": 1.833340486409159
  },
  "byLeague": {
    "epl": {
      "n": 287,
      "roi": 0.005121951219512187,
      "clv": 0.1092956139267585,
      "hitRate": 0.5435540069686411,
      "profit": 1.4699999999999975
    },
    "la-liga": {
      "n": 276,
      "roi": 0.08467391304347832,
      "clv": 0.11276103278118557,
      "hitRate": 0.5978260869565217,
      "profit": 23.370000000000015
    },
    "bundesliga": {
      "n": 217,
      "roi": -0.01898617511520737,
      "clv": 0.10682899505395392,
      "hitRate": 0.543778801843318,
      "profit": -4.119999999999999
    },
    "serie-a": {
      "n": 310,
      "roi": 0.03770967741935484,
      "clv": 0.10999095898866004,
      "hitRate": 0.5709677419354838,
      "profit": 11.690000000000001
    },
    "serie-b": {
      "n": 308,
      "roi": 0.012629870129870135,
      "clv": 0.11202502986458825,
      "hitRate": 0.5551948051948052,
      "profit": 3.8900000000000015
    }
  }
}