{
  "createdAt": "2026-03-14T12:20:50.547Z",
  "config": {
    "leagues": null,
    "maxOdds": 2,
    "minEdge": 0.07,
    "markets": null,
    "noDraws": true,
    "tedMode": true,
    "varianceFilter": true,
    "congestionFilter": true,
    "defianceFilter": true,
    "gkAdjust": false,
    "reportEdge": 0.05
  },
  "summary": {
    "totalBets": 1401,
    "roi": 0.02623840114204142,
    "clv": 0.11040027240296457,
    "hitRate": 0.563169164882227,
    "profit": 36.760000000000026,
    "avgOdds": 1.833233404710924
  },
  "byLeague": {
    "epl": {
      "n": 287,
      "roi": 0.005121951219512187,
      "clv": 0.1092956139267585,
      "hitRate": 0.5435540069686411,
      "profit": 1.4699999999999975
    },
    "la-liga": {
      "n": 276,
      "roi": 0.08467391304347832,
      "clv": 0.11276103278118557,
      "hitRate": 0.5978260869565217,
      "profit": 23.370000000000015
    },
    "bundesliga": {
      "n": 218,
      "roi": -0.023486238532110088,
      "clv": 0.10719185513189419,
      "hitRate": 0.5412844036697247,
      "profit": -5.119999999999999
    },
    "serie-a": {
      "n": 311,
      "roi": 0.039839228295819935,
      "clv": 0.10995402329403763,
      "hitRate": 0.572347266881029,
      "profit": 12.39
    },
    "serie-b": {
      "n": 309,
      "roi": 0.015048543689320387,
      "clv": 0.11203032274682177,
      "hitRate": 0.5566343042071198,
      "profit": 4.6499999999999995
    }
  }
}