{
  "epl|OU25|Under": {
    "n": 68,
    "hitRate": 0.5588235294117647,
    "roi": 0.034852941176470566,
    "clv": 0.12153688237371715
  },
  "epl|1X2|Away": {
    "n": 15,
    "hitRate": 0.4666666666666667,
    "roi": -0.22466666666666663,
    "clv": 0.09216417644185798
  },
  "epl|AH|Away": {
    "n": 75,
    "hitRate": 0.5333333333333333,
    "roi": 0.02759999999999997,
    "clv": 0.10905294905053069
  },
  "epl|OU25|Over": {
    "n": 40,
    "hitRate": 0.65,
    "roi": 0.14075,
    "clv": 0.10192121324441628
  },
  "epl|AH|Home": {
    "n": 67,
    "hitRate": 0.47761194029850745,
    "roi": -0.09194029850746271,
    "clv": 0.11091959962427778
  },
  "epl|1X2|Home": {
    "n": 22,
    "hitRate": 0.5909090909090909,
    "roi": 0.04227272727272729,
    "clv": 0.0924289847975452
  },
  "la-liga|AH|Away": {
    "n": 74,
    "hitRate": 0.581081081081081,
    "roi": 0.10445945945945942,
    "clv": 0.11346838181104571
  },
  "la-liga|AH|Home": {
    "n": 66,
    "hitRate": 0.5757575757575758,
    "roi": 0.08636363636363628,
    "clv": 0.10825402504074154
  },
  "la-liga|OU25|Under": {
    "n": 95,
    "hitRate": 0.6,
    "roi": 0.041789473684210536,
    "clv": 0.11794326036247867
  },
  "la-liga|OU25|Over": {
    "n": 22,
    "hitRate": 0.6818181818181818,
    "roi": 0.1954545454545455,
    "clv": 0.10973722594032664
  },
  "la-liga|1X2|Home": {
    "n": 17,
    "hitRate": 0.6470588235294118,
    "roi": 0.13705882352941176,
    "clv": 0.10089122482398777
  },
  "bundesliga|AH|Away": {
    "n": 57,
    "hitRate": 0.45614035087719296,
    "roi": -0.1312280701754386,
    "clv": 0.10333851851075251
  },
  "bundesliga|OU25|Under": {
    "n": 24,
    "hitRate": 0.4583333333333333,
    "roi": -0.14666666666666664,
    "clv": 0.1141310120641252
  },
  "bundesliga|OU25|Over": {
    "n": 65,
    "hitRate": 0.6307692307692307,
    "roi": 0.06384615384615386,
    "clv": 0.11345027670941935
  },
  "bundesliga|AH|Home": {
    "n": 49,
    "hitRate": 0.5510204081632653,
    "roi": 0.046122448979591835,
    "clv": 0.10477357913643766
  },
  "bundesliga|1X2|Home": {
    "n": 19,
    "hitRate": 0.5789473684210527,
    "roi": 0.0005263157894736963,
    "clv": 0.09397494385118789
  },
  "serie-a|OU25|Over": {
    "n": 35,
    "hitRate": 0.5428571428571428,
    "roi": -0.02714285714285715,
    "clv": 0.10208805667357725
  },
  "serie-a|OU25|Under": {
    "n": 136,
    "hitRate": 0.5808823529411765,
    "roi": 0.03029411764705881,
    "clv": 0.11528013060601258
  },
  "serie-a|AH|Away": {
    "n": 65,
    "hitRate": 0.6,
    "roi": 0.13323076923076924,
    "clv": 0.1085725801248737
  },
  "serie-a|AH|Home": {
    "n": 56,
    "hitRate": 0.5178571428571429,
    "roi": -0.015535714285714288,
    "clv": 0.10752169192796393
  },
  "serie-a|1X2|Home": {
    "n": 14,
    "hitRate": 0.5,
    "roi": -0.20500000000000002,
    "clv": 0.09675116937147768
  },
  "serie-b|OU25|Under": {
    "n": 112,
    "hitRate": 0.5446428571428571,
    "roi": -0.0652678571428571,
    "clv": 0.11505676348306282
  },
  "serie-b|OU25|Over": {
    "n": 28,
    "hitRate": 0.35714285714285715,
    "roi": -0.3325000000000001,
    "clv": 0.12578018671536878
  },
  "serie-b|AH|Away": {
    "n": 94,
    "hitRate": 0.6063829787234043,
    "roi": 0.14744680851063832,
    "clv": 0.10440273795442366
  },
  "serie-b|AH|Home": {
    "n": 69,
    "hitRate": 0.5942028985507246,
    "roi": 0.11492753623188406,
    "clv": 0.11356078795924533
  }
}