{
  "epl|AH|Away": {
    "n": 176,
    "hitRate": 0.5511363636363636,
    "roi": 0.06596590909090908,
    "clv": 0.0675954334844479
  },
  "epl|OU25|Under": {
    "n": 153,
    "hitRate": 0.5294117647058824,
    "roi": -0.029150326797385637,
    "clv": 0.07176945545766038
  },
  "epl|1X2|Away": {
    "n": 58,
    "hitRate": 0.5862068965517241,
    "roi": -0.026896551724137935,
    "clv": 0.04501938315746688
  },
  "epl|OU25|Over": {
    "n": 170,
    "hitRate": 0.6352941176470588,
    "roi": 0.06229411764705881,
    "clv": 0.04935632831335075
  },
  "epl|AH|Home": {
    "n": 178,
    "hitRate": 0.5561797752808989,
    "roi": 0.06162921348314602,
    "clv": 0.06495002343241035
  },
  "epl|1X2|Home": {
    "n": 106,
    "hitRate": 0.6886792452830188,
    "roi": 0.1127358490566038,
    "clv": 0.042073777962018374
  },
  "la-liga|AH|Away": {
    "n": 184,
    "hitRate": 0.5543478260869565,
    "roi": 0.050706521739130435,
    "clv": 0.0691815291532575
  },
  "la-liga|AH|Home": {
    "n": 199,
    "hitRate": 0.5276381909547738,
    "roi": 0.0040201005025125285,
    "clv": 0.0619341872087503
  },
  "la-liga|OU25|Under": {
    "n": 307,
    "hitRate": 0.5765472312703583,
    "roi": -0.023159609120521178,
    "clv": 0.06315802353300218
  },
  "la-liga|1X2|Home": {
    "n": 115,
    "hitRate": 0.6434782608695652,
    "roi": 0.03704347826086957,
    "clv": 0.03772738475922244
  },
  "la-liga|1X2|Away": {
    "n": 24,
    "hitRate": 0.5,
    "roi": -0.15458333333333338,
    "clv": 0.04228056300469354
  },
  "la-liga|OU25|Over": {
    "n": 91,
    "hitRate": 0.5714285714285714,
    "roi": -0.010989010989011009,
    "clv": 0.05380578463384594
  },
  "bundesliga|AH|Away": {
    "n": 172,
    "hitRate": 0.5290697674418605,
    "roi": 0.004534883720930215,
    "clv": 0.05785727799188698
  },
  "bundesliga|OU25|Under": {
    "n": 79,
    "hitRate": 0.5443037974683544,
    "roi": 0.012531645569620248,
    "clv": 0.05816444862315146
  },
  "bundesliga|1X2|Home": {
    "n": 104,
    "hitRate": 0.5384615384615384,
    "roi": -0.11346153846153845,
    "clv": 0.04405375079833625
  },
  "bundesliga|OU25|Over": {
    "n": 208,
    "hitRate": 0.5432692307692307,
    "roi": -0.09812500000000002,
    "clv": 0.05604484272557431
  },
  "bundesliga|AH|Home": {
    "n": 145,
    "hitRate": 0.5172413793103449,
    "roi": -0.017586206896551743,
    "clv": 0.05738341780263493
  },
  "bundesliga|1X2|Away": {
    "n": 27,
    "hitRate": 0.5185185185185185,
    "roi": -0.11740740740740743,
    "clv": 0.03990098372163398
  },
  "serie-a|OU25|Over": {
    "n": 129,
    "hitRate": 0.5426356589147286,
    "roi": -0.02604651162790698,
    "clv": 0.0487519341176195
  },
  "serie-a|AH|Home": {
    "n": 162,
    "hitRate": 0.48148148148148145,
    "roi": -0.08358024691358025,
    "clv": 0.05886743506860096
  },
  "serie-a|OU25|Under": {
    "n": 327,
    "hitRate": 0.5596330275229358,
    "roi": -0.022171253822629983,
    "clv": 0.06781786100257305
  },
  "serie-a|1X2|Away": {
    "n": 49,
    "hitRate": 0.6530612244897959,
    "roi": 0.14877551020408164,
    "clv": 0.0314797476597364
  },
  "serie-a|AH|Away": {
    "n": 185,
    "hitRate": 0.5513513513513514,
    "roi": 0.045135135135135125,
    "clv": 0.06211990043631467
  },
  "serie-a|1X2|Home": {
    "n": 77,
    "hitRate": 0.5974025974025974,
    "roi": -0.06142857142857144,
    "clv": 0.04139687449579765
  }
}