{
  "epl|1X2|Away": {
    "n": 520,
    "hitRate": 0.28076923076923077,
    "roi": 0.005288461538461528,
    "clv": 0.04658283164189808
  },
  "epl|1X2|Draw": {
    "n": 299,
    "hitRate": 0.23411371237458195,
    "roi": 0.15224080267558524,
    "clv": 0.023022003917682006
  },
  "epl|OU25|Under": {
    "n": 597,
    "hitRate": 0.4204355108877722,
    "roi": -0.0484589614740369,
    "clv": 0.0841361078309834
  },
  "epl|1X2|Home": {
    "n": 389,
    "hitRate": 0.38303341902313626,
    "roi": -0.060385604113110544,
    "clv": 0.04889393652314603
  },
  "epl|AH|Away": {
    "n": 277,
    "hitRate": 0.5342960288808665,
    "roi": 0.06649819494584835,
    "clv": 0.06748438106129395
  },
  "epl|AH|Home": {
    "n": 258,
    "hitRate": 0.5193798449612403,
    "roi": 0.013604651162790667,
    "clv": 0.06123979926029039
  },
  "epl|OU25|Over": {
    "n": 226,
    "hitRate": 0.5796460176991151,
    "roi": 0.01725663716814159,
    "clv": 0.048607571962023026
  },
  "la-liga|1X2|Away": {
    "n": 523,
    "hitRate": 0.2237093690248566,
    "roi": -0.15801147227533466,
    "clv": 0.041456038793088054
  },
  "la-liga|AH|Away": {
    "n": 285,
    "hitRate": 0.5368421052631579,
    "roi": 0.05445614035087719,
    "clv": 0.07060946133779417
  },
  "la-liga|OU25|Over": {
    "n": 329,
    "hitRate": 0.42857142857142855,
    "roi": -0.07805471124620068,
    "clv": 0.056890220647071534
  },
  "la-liga|1X2|Home": {
    "n": 432,
    "hitRate": 0.39351851851851855,
    "roi": -0.01608796296296295,
    "clv": 0.04554163195889641
  },
  "la-liga|AH|Home": {
    "n": 282,
    "hitRate": 0.5283687943262412,
    "roi": 0.033900709219858126,
    "clv": 0.06398328318858923
  },
  "la-liga|OU25|Under": {
    "n": 496,
    "hitRate": 0.49193548387096775,
    "roi": -0.06197580645161292,
    "clv": 0.0745327988684474
  },
  "la-liga|1X2|Draw": {
    "n": 258,
    "hitRate": 0.19767441860465115,
    "roi": -0.15333333333333335,
    "clv": 0.02386767139105704
  },
  "bundesliga|1X2|Away": {
    "n": 441,
    "hitRate": 0.25170068027210885,
    "roi": -0.009863945578231255,
    "clv": 0.04472932342412461
  },
  "bundesliga|AH|Away": {
    "n": 268,
    "hitRate": 0.5223880597014925,
    "roi": 0.02988805970149253,
    "clv": 0.061402183191393817
  },
  "bundesliga|OU25|Under": {
    "n": 457,
    "hitRate": 0.36980306345733044,
    "roi": -0.13958424507658634,
    "clv": 0.07284972527059581
  },
  "bundesliga|1X2|Draw": {
    "n": 219,
    "hitRate": 0.1780821917808219,
    "roi": -0.06082191780821922,
    "clv": 0.019993419804658956
  },
  "bundesliga|1X2|Home": {
    "n": 396,
    "hitRate": 0.351010101010101,
    "roi": -0.09868686868686871,
    "clv": 0.04712733665269605
  },
  "bundesliga|OU25|Over": {
    "n": 244,
    "hitRate": 0.5081967213114754,
    "roi": -0.12959016393442627,
    "clv": 0.05637162258737151
  },
  "bundesliga|AH|Home": {
    "n": 214,
    "hitRate": 0.4953271028037383,
    "roi": -0.03757009345794396,
    "clv": 0.05840965884015559
  },
  "serie-a|1X2|Away": {
    "n": 536,
    "hitRate": 0.251865671641791,
    "roi": -0.1623320895522388,
    "clv": 0.04328109517328909
  },
  "serie-a|1X2|Draw": {
    "n": 237,
    "hitRate": 0.25738396624472576,
    "roi": 0.18067510548523205,
    "clv": 0.021623053584776786
  },
  "serie-a|OU25|Over": {
    "n": 302,
    "hitRate": 0.4271523178807947,
    "roi": -0.13920529801324513,
    "clv": 0.05209020784616419
  },
  "serie-a|1X2|Home": {
    "n": 443,
    "hitRate": 0.327313769751693,
    "roi": -0.1488939051918736,
    "clv": 0.045047680126613886
  },
  "serie-a|AH|Home": {
    "n": 249,
    "hitRate": 0.4779116465863454,
    "roi": -0.06357429718875504,
    "clv": 0.057942465078109934
  },
  "serie-a|OU25|Under": {
    "n": 534,
    "hitRate": 0.5112359550561798,
    "roi": -0.00960674157303371,
    "clv": 0.07554548421730747
  },
  "serie-a|AH|Away": {
    "n": 310,
    "hitRate": 0.5483870967741935,
    "roi": 0.08077419354838708,
    "clv": 0.06660130055387674
  }
}