{
  "epl|AH|Away": {
    "n": 171,
    "hitRate": 0.5497076023391813,
    "roi": 0.06385964912280699,
    "clv": 0.0680158067590792
  },
  "epl|OU25|Under": {
    "n": 151,
    "hitRate": 0.5364238410596026,
    "roi": -0.016291390728476844,
    "clv": 0.07068174051892318
  },
  "epl|1X2|Away": {
    "n": 57,
    "hitRate": 0.5789473684210527,
    "roi": -0.03368421052631578,
    "clv": 0.04406852460818478
  },
  "epl|OU25|Over": {
    "n": 168,
    "hitRate": 0.6369047619047619,
    "roi": 0.06380952380952379,
    "clv": 0.04905936473194988
  },
  "epl|AH|Home": {
    "n": 174,
    "hitRate": 0.5459770114942529,
    "roi": 0.042471264367816,
    "clv": 0.0659643525535839
  },
  "epl|1X2|Home": {
    "n": 105,
    "hitRate": 0.6857142857142857,
    "roi": 0.11009523809523812,
    "clv": 0.04218982887125741
  },
  "la-liga|AH|Away": {
    "n": 180,
    "hitRate": 0.5611111111111111,
    "roi": 0.06311111111111113,
    "clv": 0.06994947453609883
  },
  "la-liga|AH|Home": {
    "n": 196,
    "hitRate": 0.5255102040816326,
    "roi": 0.00030612244897954905,
    "clv": 0.061525866832549625
  },
  "la-liga|OU25|Under": {
    "n": 303,
    "hitRate": 0.5775577557755776,
    "roi": -0.022079207920792085,
    "clv": 0.06322390774340748
  },
  "la-liga|1X2|Home": {
    "n": 113,
    "hitRate": 0.6371681415929203,
    "roi": 0.026194690265486733,
    "clv": 0.03774378157056458
  },
  "la-liga|1X2|Away": {
    "n": 24,
    "hitRate": 0.5,
    "roi": -0.15458333333333338,
    "clv": 0.04228056300469354
  },
  "la-liga|OU25|Over": {
    "n": 89,
    "hitRate": 0.5730337078651685,
    "roi": -0.011235955056179796,
    "clv": 0.05219174905651828
  },
  "bundesliga|AH|Away": {
    "n": 169,
    "hitRate": 0.5384615384615384,
    "roi": 0.022366863905325444,
    "clv": 0.05801657846365922
  },
  "bundesliga|OU25|Under": {
    "n": 76,
    "hitRate": 0.5394736842105263,
    "roi": 0.005394736842105277,
    "clv": 0.058290267638061374
  },
  "bundesliga|1X2|Home": {
    "n": 103,
    "hitRate": 0.5436893203883495,
    "roi": -0.10485436893203882,
    "clv": 0.0441239512908627
  },
  "bundesliga|OU25|Over": {
    "n": 205,
    "hitRate": 0.5414634146341464,
    "roi": -0.10019512195121956,
    "clv": 0.0561364789666525
  },
  "bundesliga|AH|Home": {
    "n": 143,
    "hitRate": 0.5174825174825175,
    "roi": -0.017412587412587426,
    "clv": 0.05791800048210842
  },
  "bundesliga|1X2|Away": {
    "n": 27,
    "hitRate": 0.5185185185185185,
    "roi": -0.11740740740740743,
    "clv": 0.03990098372163398
  },
  "serie-a|OU25|Over": {
    "n": 126,
    "hitRate": 0.5476190476190477,
    "roi": -0.01825396825396827,
    "clv": 0.04900798402751148
  },
  "serie-a|AH|Home": {
    "n": 159,
    "hitRate": 0.49056603773584906,
    "roi": -0.06628930817610064,
    "clv": 0.05887943997176176
  },
  "serie-a|OU25|Under": {
    "n": 321,
    "hitRate": 0.5607476635514018,
    "roi": -0.019906542056074766,
    "clv": 0.0679719366375228
  },
  "serie-a|1X2|Away": {
    "n": 49,
    "hitRate": 0.6530612244897959,
    "roi": 0.14877551020408164,
    "clv": 0.0314797476597364
  },
  "serie-a|AH|Away": {
    "n": 182,
    "hitRate": 0.5494505494505495,
    "roi": 0.04159340659340659,
    "clv": 0.0618006348206051
  },
  "serie-a|1X2|Home": {
    "n": 77,
    "hitRate": 0.5974025974025974,
    "roi": -0.06142857142857144,
    "clv": 0.04139687449579765
  }
}